{
	"class_name" : "PinholeCameraTrajectory",
	"extrinsic" : 
	[
		[
			1.0,
			-0.0,
			-0.0,
			0.0,
			0.0,
			-1.0,
			-0.0,
			0.0,
			0.0,
			-0.0,
			-1.0,
			0.0,
			-2.9516659721921004,
			-1.3543190274726491,
			7.374329463166192,
			1.0
		]
	],
	"intrinsic" : 
	{
		"height" : 1025,
		"intrinsic_matrix" : 
		[
			887.67603887904966,
			0.0,
			0.0,
			0.0,
			887.67603887904966,
			0.0,
			926.0,
			512.0,
			1.0
		],
		"width" : 1853
	},
	"version_major" : 1,
	"version_minor" : 0
}